source_file,avg_wait,max_wait,median_wait,groups_served,seat_util,true_seat_util,service_level_15,max_queue_length,avg_queue_length,fairness_gap
fcfs_seating_log_cafe_non_peak.csv,18.6,48.0,20.5,40,0.6971320516861015,0.6248587570621469,0.4,8.0,2.522033898305085,12.8
fcfs_seating_log_cafe_peak.csv,120.32857142857142,264.0,113.5,70,0.7700136845706466,0.7298151750972762,0.1,36.0,16.26061776061776,77.66666666666666
fcfs_seating_log_family_non_peak.csv,42.24324324324324,131.0,41.0,37,0.8188583578671901,0.664785553047404,0.4594594594594595,12.0,3.4888392857142856,91.5
fcfs_seating_log_family_peak.csv,194.29166666666666,552.0,182.5,72,0.8136690079709573,0.7228493304353922,0.18055555555555555,45.0,16.633769322235434,196.33333333333337
fcfs_seating_log_fastfood_non_peak.csv,1.1777777777777778,8.0,0.0,45,0.6392606755895475,0.45590909090909093,1.0,2.0,0.26108374384236455,1.3333333333333333
fcfs_seating_log_fastfood_peak.csv,26.183098591549296,66.0,22.0,71,0.7105765559373807,0.6482061999303379,0.43661971830985913,18.0,7.1226053639846745,18.838383838383837
