source_file,avg_wait,max_wait,median_wait,groups_served,seat_util,true_seat_util,service_level_15,max_queue_length,avg_queue_length,fairness_gap
fcfs_seating_log_cafe_non_peak.csv,29.15,58.0,31.0,40,0.6875971401927261,0.6004343105320304,0.225,10.0,3.798045602605863,8.228571428571431
fcfs_seating_log_cafe_peak.csv,189.38571428571427,397.0,146.0,70,0.7352989219209408,0.573585626911315,0.1,42.0,20.14741641337386,81.43333333333334
fcfs_seating_log_family_non_peak.csv,94.70270270270271,191.0,91.0,37,0.7610975980541198,0.556710775047259,0.2702702702702703,18.0,6.561797752808989,144.5
fcfs_seating_log_family_peak.csv,325.7083333333333,676.0,328.0,72,0.7808831326213739,0.620747787344211,0.09722222222222222,55.0,23.954034729315627,233.30952380952382
fcfs_seating_log_fastfood_non_peak.csv,1.1777777777777778,8.0,0.0,45,0.6392606755895475,0.45590909090909093,1.0,2.0,0.26108374384236455,1.3333333333333333
fcfs_seating_log_fastfood_peak.csv,37.88732394366197,91.0,37.0,71,0.689770200148258,0.5874368686868687,0.36619718309859156,22.0,9.340277777777779,28.444444444444443
