source_file,avg_wait,max_wait,groups_served,seat_util,fairness_gap
seating_log_cafe_non_peak.csv,0.0,0.0,18,0.8260536398467433,0.0
seating_log_cafe_peak.csv,1.2142857142857142,18.0,28,0.7909165302782324,3.7777777777777777
seating_log_family_non_peak.csv,0.0,0.0,12,0.9174107142857143,0.0
seating_log_family_peak.csv,0.0,0.0,18,0.9255591054313099,0.0
seating_log_fastfood_non_peak.csv,26.392857142857142,54.0,56,0.7985436893203883,13.372670807453417
seating_log_fastfood_peak.csv,30.6875,51.0,80,0.8183510638297873,14.5
