source_file,avg_wait,max_wait,median_wait,groups_served,seat_util,true_seat_util,service_level_15,max_queue_length,avg_queue_length,fairness_gap
seating_log_cafe_non_peak.csv,49.6,129.0,50.0,40,0.7181818181818181,0.5851851851851851,0.275,13.0,6.298412698412698,79.38571428571429
seating_log_cafe_peak.csv,158.87142857142857,316.0,172.0,70,0.768042996075755,0.6921125461254612,0.07142857142857142,45.0,20.36813186813187,232.46666666666667
seating_log_family_non_peak.csv,50.270270270270274,195.0,30.0,37,0.8222203974380029,0.7235872235872236,0.40540540540540543,13.0,4.514563106796117,78.5
seating_log_family_peak.csv,219.40277777777777,521.0,224.5,72,0.8352912582030301,0.781534263189812,0.1388888888888889,48.0,20.304627249357328,252.53333333333336
seating_log_fastfood_non_peak.csv,45.8,72.0,47.0,45,0.6336070751737208,0.36327417602318,0.022222222222222223,16.0,8.114173228346457,53.05555555555556
seating_log_fastfood_peak.csv,84.3943661971831,140.0,87.0,71,0.7367379255740301,0.5320182961692396,0.0,35.0,18.842767295597483,85.9047619047619
