source_file,avg_wait,max_wait,median_wait,groups_served,seat_util,true_seat_util,service_level_15,max_queue_length,avg_queue_length,fairness_gap
size_seating_log_cafe_non_peak.csv,19.525,51.0,19.5,40,0.7172503242542153,0.6164994425863991,0.425,8.0,2.612040133779264,15.303571428571429
size_seating_log_cafe_peak.csv,128.37142857142857,262.0,113.5,70,0.7594904673527924,0.7213942307692308,0.11428571428571428,39.0,17.14885496183206,124.43333333333334
size_seating_log_family_non_peak.csv,49.513513513513516,169.0,41.0,37,0.8046448087431693,0.6265957446808511,0.40540540540540543,12.0,3.856842105263158,106.5
size_seating_log_family_peak.csv,199.02777777777777,566.0,181.0,72,0.8134764083951397,0.71098544927936,0.18055555555555555,45.0,16.760233918128655,220.53333333333336
size_seating_log_fastfood_non_peak.csv,1.2666666666666666,8.0,0.0,45,0.632807570977918,0.45590909090909093,1.0,2.0,0.28078817733990147,1.7222222222222223
size_seating_log_fastfood_peak.csv,27.253521126760564,64.0,25.0,71,0.708952380952381,0.6482061999303379,0.4225352112676056,19.0,7.413793103448276,31.61904761904762
